,0,1,2,3,4
0,0.4894366799853492,-0.6459919606643895,0.5653192111883962,-1.108094889686049,-0.4977543295432301
1,0.10349470616221114,-2.12234616961851,-0.2447119546697956,-0.9518158635327976,-1.35729218888642
2,-1.2008029916804077,0.1328022684667607,-0.3524534680972255,0.6621919397420762,0.7528113850047267
3,-0.21262028754648268,-1.1364985355823192,-0.699800977069787,-0.3218422027774384,1.5851302708184662
4,2.7663397067706885,-0.07421467022654736,-1.679487708634719,-0.9139657582539661,-0.1823481119248
5,0.6406528188783582,0.3928981471135967,-1.1905666455647952,-0.4087646841980246,-0.11402138880094112
6,-1.8258781718905115,0.3258684765148223,1.239861487940024,-0.533273586118369,-0.5989991684985463
7,-0.05312176840914166,-1.6795877547336084,-1.9560754259832933,-0.019538416417333115,-0.7289894142477527
8,3.599657390572034,3.268884253660489,-0.3511229766804144,0.8407179386948119,-0.17413613934107883
9,0.09039417354156704,-0.05069875865467361,0.8296445852058172,0.08259832566554466,-1.0039389833255465
10,-1.2245340695171727,0.5349973715798493,-0.004198933017292557,0.8317055298172841,1.0975935869626967
11,-1.8737714829322867,0.754918202140625,1.6407062871018712,0.4118605754697728,-0.5274108925776722
12,-0.17828490594942425,-1.2271895625650242,0.2837050295359946,-1.3771706521426994,-0.7691259171067972
13,-1.6033454782889682,0.02794499972555575,-0.8946276923334132,-0.9879006224319089,0.4001685242579165
14,0.755345698660718,0.6244991552050437,-0.8559171438548079,0.07304580873068343,0.2067041550744867
15,-1.8380115942973343,0.26111841942401093,1.15526324771203,-0.794780537218913,-0.6081144273206298
16,1.3283871579785542,0.8655466203026156,0.9271289670160655,1.3748339241245249,-1.8515090926509827
17,-1.8404770191740325,0.7597580770580038,1.6873521963393452,0.6302567457911191,-0.5295540614004773
18,-0.007504802323581949,-1.8257091396666363,-0.06268806881416675,-0.7473907933283566,-1.310640869534969
19,-1.3390302429106953,0.3170013348375665,1.6810415705898394,-0.012757779132775503,0.16392389213055444
20,0.3631732791268594,-0.05547606638960294,-0.9868856313268995,-0.14755262565051283,0.3442588196772418
21,0.17449823167430373,-2.0371851270047467,-0.03942038279070077,0.13079586244919675,-1.4824357263414025
22,0.914605925806473,-0.591381643361679,-0.06410509957516855,1.5086836155012031,1.8530062703271386
23,-1.0341933798415988,-0.028174037559914083,-0.32478702717743435,1.1102187959953382,0.7493064137090402
24,1.8254469543692968,1.4695296267268088,-1.0075661227556643,0.6996930751649392,-0.8259485428765094
25,-0.08816562824823185,-0.9999506349855474,-1.3040491808444934,1.197675982015187,-0.44393614213157795
26,-0.7450746634610984,1.8048090976146403,-0.19754682581416608,1.1335877084101174,-0.1626080018794454
27,-0.4312333534436043,0.5910881366568274,-1.1523588438046217,-1.1198254409337893,-0.15781941334368352
28,0.5960402752022574,-0.6405188476057939,-1.3556161310391497,-0.8910249655130212,0.39169534117795857
29,0.2243131488149499,-0.9127629522245736,1.09185502595116,1.5227933837632106,-0.5963203108259105
30,0.03714073458973739,-0.6793805385591511,-0.9358895528180327,0.819825821146716,0.2801192077375825
31,1.724741879722688,-1.460299625296117,0.8599901537565653,-1.6807110766734326,1.1836735935423708
32,1.117754321442223,0.8606132684477441,-0.3972024522706217,-0.8847394251229378,1.488523450234588
33,0.6894333143845035,-0.38043530388227015,1.024027912989392,-0.29660826778114446,-0.0826579935565209
34,-0.7008188680635081,0.06981641539529392,0.043833453726348316,1.057299392494268,1.5225168966155582
35,0.4299140597568801,0.9999447087624415,-0.8654815890286366,-0.9560736742544184,0.33219594441513733
36,-1.8343304292907954,0.21028608885024225,1.1052911701277819,-0.9189935929368661,-0.6164221441324049
37,0.31210375327405554,0.13903860347229732,-0.8058950380653778,0.6635715799601769,0.1933880838276213
38,-0.9295267098973152,-0.7082450586073914,1.1487259650554642,0.45487216964788824,-0.3348908785604308
39,-1.301305664258986,-0.2675278626873014,-0.9378627720547511,-1.5926016100708829,0.8576900643233556
40,-0.7188499301042801,-0.3002643186195393,-1.364444465833906,-1.0642810041706179,-0.1434060213226334
41,1.24943100849598,1.6619124430794814,-0.3854488937069352,-0.7359595904064147,1.0040076192622183
42,0.34431668369014273,0.08665324194908884,-0.8433273643739929,0.3750201660753484,0.2929892250410101
43,0.32857890398292555,1.4526158921386423,-0.45916595263116766,0.46246526439138674,0.1699896255040925
44,-1.1421593742130904,0.10578308430859525,-0.2470231530611406,1.9095384255143328,0.4246580556629535
45,0.12149357938247882,-1.5852908940787618,-1.682459574499012,0.6178689467162282,-0.4959114449218303
46,0.42060306806864833,-0.6656152062754026,0.4711343729199268,-1.3897648142622003,-0.5600982070461688
47,0.7345861677630391,1.820297929596088,-0.7918418650896991,0.9004494025625827,-1.0381824098363555
48,1.2252004704501434,0.801532659355294,-1.2449851655267725,-0.2296129088434334,-0.5054157606606312
49,0.6629773566913529,0.2978701742748471,-0.3866021804588441,0.32152003921720235,1.1636276303006752
50,-1.8585972741044414,0.08078597466862025,0.9360946896717939,-1.442007495137954,-0.6346526617765716
51,-1.8532508201663733,0.006958065978146218,0.8635161960375282,-1.622412171299743,-0.6467186314317687
52,1.8433497045401679,-0.12084831459211108,1.453029237508933,0.2563449195777678,0.681081745729404
53,0.502339323717632,-0.6149654495120581,0.6614767782260125,-0.20375961708356044,-0.736900758209573
54,-0.864973487184609,-0.8833762945222007,-1.068790162245113,-0.8999759547547485,0.7914419100854834
55,-0.6104313126341291,-0.4813457424953117,-0.3196126466555992,1.8365355883612648,0.8282635031586139
56,0.7573209834265036,-0.47631701843279406,1.0193787414000715,0.05914865462836664,-0.17493418086701198
57,-0.6622222915813634,-1.8869550402649973,-1.7590115434538607,-0.4407513830863197,-0.08170423358342102
58,-0.2268760809635428,-1.0646726034989746,1.356541014472008,-0.7314371434723081,1.0243244480846327
59,-0.3237607071571667,0.8068173219061707,1.251254724840513,0.2823610266475001,-0.9208881105917832
60,1.2320375559796555,1.012900862182509,1.0279142884492138,-1.1318319971058524,-0.3682176838337004
61,-1.997424659235147,0.2746321385373721,-1.0548472219628688,-1.6629998825847097,0.1325035720925544
62,-1.2108270562286605,-0.6136002598414148,0.8845665852674863,-1.2427603902030864,-0.2149452864648423
63,-0.7882140431507516,-0.8423629348708108,-0.8757044389376323,0.53070186830581,0.5134755754451442
64,2.8073135273128775,-1.5742810871111506,2.6923981095682734,1.2414588801194097,3.7736949428412947
65,-1.037549485993309,-0.2741402354778152,-0.6550058403165888,-0.596231388047219,1.0330871312463517
66,-0.7385444969085577,-1.0354327454090255,-1.0968853277675787,-0.9135181860533583,0.8723106665448809
67,0.037020252196542494,1.6041512635174808,-0.5689357033829636,0.5338667831228233,-0.2509802045977926
68,-2.0313439653668293,0.7430157559671013,-0.5943902213651515,-0.5184652977550002,0.20905324842962447
69,-1.7265131466816992,0.4817571949584049,-0.5761297483345384,-0.6724159071387171,0.5611427404182209
70,-1.210223004539498,0.11999092280424752,-0.3570444538428681,0.8956407783120626,0.6432055343019447
71,0.6745594588760591,1.4747423844076784,-1.0999507652251737,-1.6296952087414134,-0.024244928472325823
72,-0.3036569698166133,-0.7269551303569559,-1.2641257716843102,0.9023337819509947,-0.46125807340863717
73,-0.23157833113255455,-0.5163691908990177,-1.0072595532413946,1.0276331396347778,-0.12883122671302322
74,-0.024557974627907597,-0.7650144007102442,1.033933189439172,1.888822930163856,-1.0359658942648062
75,-0.294810691344205,0.33849636139630895,-1.2421765816563246,-0.8321656721076156,-0.2687167159503029
76,-0.5902054152091698,-0.2475900639680499,-1.1990198378683157,-0.9281463500483819,0.11977321842170786
77,-0.4595083941161323,-0.41141055104382934,-1.1431592827880341,0.48504891500847147,-0.2753160425611511
78,-2.0899301842847415,1.3197212989738523,-0.048388434934773565,0.7874782161567195,0.30477346366089275
79,-1.5856572271859812,0.385680174808318,1.5884694320405408,0.8839514391795694,-0.5344615062000939
80,1.4154364991818742,-0.31987291231770426,-0.3673932311223428,-0.8447661322790209,2.3225748982670043
81,1.1280641932331483,-0.164391016032015,-1.3519647894417437,-0.03741747251660343,-0.24936934931699542
82,-0.7521423930178881,-0.09178383849690654,-0.16029861745045815,0.7972949180034697,1.3292679912832197
83,-2.011623438546084,0.4706996993219099,-0.8620977798521965,-1.1838923819583198,0.1645476226522582
84,0.14686790992471335,-0.4660995527644356,-0.5613699027358766,2.2511069443947664,0.2573007517214843
85,0.38151878558015323,1.2795521608217046,-0.5813165710235244,0.25115372250323564,0.15023587743796396
86,-0.156667772440033,-1.173077996638374,-1.6224166749858406,-0.46599561433530884,-0.21977214788385774
87,0.7058798327601872,-0.16590320911549228,-0.7763515988094544,0.10325445079465342,0.8037361697994526
88,-0.3421839797673642,-0.5362608692314045,1.7545550074846912,-0.31463659623740103,1.249965540032934
89,0.34348982437301806,-0.05083884908496069,-0.06431023179025404,1.6177568215462066,1.3093072131085313
90,1.5380613301110153,1.7611940525089567,-0.9666672014014204,1.1241318577001993,-1.1997358673083098
91,-2.037730865863,0.36661575042717265,-1.0063082215160601,-1.6447997563004313,0.15047096341397911
92,-2.0151293099808827,0.5191114427254996,-0.8145053250100552,-1.0655942336555073,0.1724597339015677
93,-1.0151995462747068,-0.18547834832840937,-0.5072407279865273,0.18661378833476025,0.9164221839804118
94,-2.036915193705742,1.0522451172460399,-0.26945008418434424,0.34044730227474607,0.2581246690607213
95,-0.6010106566980815,-0.594513190046424,1.541024132979976,0.6192794564462637,0.374609238554891
96,-1.9818348462226287,0.5239513176428783,-0.7678594157725808,-0.8471980633341609,0.17031656507876233
97,-0.9813412066105041,-0.4770768597149211,-0.7593070914109421,-0.15324505880990288,0.7704111115956125
98,0.31454566015382496,-2.161593486556765,-0.0840279887907754,-0.7116959477993976,-1.0706718203501397
99,3.1483476678251967,0.8939896868346839,0.6574952199460802,-1.8308388117545502,-0.3919847971561728
100,0.5020151078716936,-1.799287668915514,-1.5926324475925784,-0.08839929984466058,0.23795064450368028
101,0.9389795909526045,-0.6554469968639712,0.08301115729215017,-1.6585629174850032,-1.0352569686583737
102,0.45553729861033165,0.5377736479947021,-1.3037947203078655,-1.7280083440269385,0.1234017874634398
103,0.19115803020271402,-0.8096028010956733,-0.933554751952237,0.6088407828819005,0.503980219867762
104,0.14690204921722316,0.9854825139538659,-1.1184619483088198,-0.9296401422019824,-0.24175130597369118
105,0.9437224389939425,-0.9607201582250825,0.7150122754793538,1.206572467695359,-1.0696791749980854
106,2.702285036598269,-0.351408100805323,0.9824033542075854,0.8075649341091681,-0.35023674852121467
107,0.3250543947666847,-2.2414918685910123,-0.07743071786431141,0.36789968352009284,-1.495571623330751
108,2.94497897495482,-1.2962412587766698,1.140357394503994,0.3055401122403805,0.8179016517941267
109,-1.2614196116623002,0.09327914987183117,-0.40231702500754735,1.2450140286319227,0.39881149156811513
110,-1.7701557192550446,1.1527010990176811,0.11102858617248063,1.3339970126016347,0.5592260942489982
111,0.08198485713181101,-1.6221220845610644,0.3065337474914899,1.0079115261009775,-1.4905029534897651
112,0.40033029659276625,-2.00755653868847,0.24146202888974713,1.0987367051007835,-1.330976151694125
113,-0.6035253467129488,-0.9407832087614802,-0.875930618377228,-0.5770224014715292,1.128322760628393
114,0.6866565443902803,1.6727205425444518,-0.8641584468056343,-0.8538874573185603,-0.03703762307856453
115,1.2139778103741894,2.013690354481232,-1.06346910630838,0.42463831328909146,-1.317072911654681
116,4.176990842629359,2.1615132136944206,-0.03876133938635889,0.5441916600396204,1.3948979766434202
117,-0.22905358610589166,-0.688321990741182,-1.185252717524161,0.6000898114193792,-0.17376629203103947
118,3.311588405439334,-0.9283996585889733,0.9326044195509541,-0.09068737272079137,0.4876893550679273
119,0.959282334942855,0.43465144919208526,-0.9577497858130666,-1.6119626732122478,0.9479745720751509
120,2.221889385316899,-0.9991855182117967,0.8164585651611553,-0.8904611205380415,0.4791795787632735
121,0.8628959162259354,1.6540008673755748,1.349886593699605,-0.07700009852715274,-0.7206278320786481
122,1.0550071942184105,0.3430150372881437,-0.8916604176727797,1.0847338997725857,-0.1980186575583538
123,3.760797199182674,1.637551197067503,0.1933662095871316,-1.8758958218172985,-1.5248189510830585
124,-1.8674990803064138,0.43600649218096843,1.3062476589526353,-0.47071165422053585,-0.5780647354586309
125,-0.7839357476172413,-0.82174894845068,-0.8155710016230864,1.1302101218924048,0.34669414828054557
126,-1.8112345776749132,0.29057660532969487,-0.8529380307995991,-1.2126773174982497,0.36278049418077024
127,0.2543016692943106,0.32555302365076616,-0.7194989298727253,1.8524206313174096,-0.44354344299592124
128,0.43463014066015215,2.3608530369885696,-0.36996022866121503,0.6776776428290383,-0.2673877490508317
129,-2.020700538319796,0.8283408040044379,-0.4895651878292475,-0.20668163362576103,0.22153115453266414
130,0.7121511302715747,-0.48806866662110854,1.001000860936419,0.5411604247625657,-0.4348173751784008
131,-0.007626260099107203,0.5995578147869287,1.388314780842578,1.0889289320494866,-0.8040810222219472
132,-1.9011685866836447,0.4657750582314814,-0.7503466379492384,-0.8418503582239217,0.26044413471706956
133,-0.3054291287891238,-0.05191995356725526,-0.6389257040368045,1.3154450225970113,0.14879230479476083
134,0.31623062239360006,-1.5371853364899843,0.6067643184961358,1.3937369910927497,-1.069034389656211
135,-1.4166053198108628,0.6696503343900145,-0.04197408991638535,0.9347255197557313,0.8404703211068175
136,0.0014337911580909577,-2.247567752360349,0.49559556226177004,-0.7918726503386246,0.1731783593004753
137,0.7269247591509724,1.8077094163734617,-0.6574489386604797,-0.0328718811710099,-0.08007379964654265
138,-1.8516844928930516,0.44992421869801064,1.3408738215963807,-0.33341775883794483,-0.5772571934483224
139,-0.06412652757464914,-1.5631398140423123,0.9864707335241124,-1.764750690807647,1.1276038497051126
140,2.072883048538837,-1.5705041629034235,1.0532951894067455,-0.11452718381080482,0.88018076387331
141,2.4752592447524826,-0.7992533234080945,-0.8253218092636418,0.6870034831700329,1.0808125146132235
142,0.7019508374644505,2.0764895971245028,-0.39240694949483906,0.7106386559777048,-0.07547641550276395
143,-0.5396815517623148,1.231949613277179,1.4733960695879473,0.7298673117634547,-1.0153510364611291
144,2.126797972972864,-0.5219518486733554,0.296332118040038,0.1365123627806015,-1.4347525762071496
145,-2.025646924285281,0.6643466729362681,-0.671727960483631,-0.7106997887470706,0.19619606764949635
146,0.16556252511550051,-1.8741072083169312,-1.9050710782855924,0.5649583441720812,-0.7137819802292079
147,1.0387401433251122,-0.13755228380390544,-1.3805002340320949,2.0006308264150094,-1.405296332698243
148,0.5211119370271245,-1.1053808730210597,1.1343917653302729,0.8986358853377259,-0.02827841753310717
149,0.46179353582685445,0.15413224262455988,-0.7706686445875875,-1.0039152454294786,1.0512878235513918
150,-1.841445268910842,0.777085745280207,-0.3643577796688577,0.07068159165439422,0.4208166565682366
151,0.6804811584604903,-1.5437454633014338,-1.25049689446016,-0.6800296273519207,1.063514171997269
152,-0.5803687406977387,0.05469412244741387,-0.757696166307856,1.6502272606754453,-0.37681436568023013
153,2.130710042045271,-1.0357305792492117,1.67687449275803,-0.2285692232237669,1.9635126355013242
154,0.11338449236204792,-1.3844299032077756,0.49158969694283866,0.1718323861202106,-0.8894068924882269
155,0.6443414742494354,-1.2874568913089541,-1.8971082320847665,0.6561829422340136,-1.0836076626958144
156,0.7539471673555692,0.2622178342158899,0.6775240907790886,0.6656197249904944,-1.821112169654275
157,-0.2691595367436303,-1.1530658384399368,-1.6797441028023632,-0.13620444475457433,-0.5247283487869763
158,2.895877098553488,1.412035404286743,1.1101447276035887,-1.8929895128682022,0.39289938854938256
159,0.6771896517209787,-0.4790463737633748,0.8691662492992683,-1.1876141298215612,0.07828349978028559
160,2.1139012604820273,0.33676866498360764,-0.9013775608182717,1.3968631579371404,-0.1738182363085415
161,1.5183568335499371,-1.0807892504577674,2.0419128624550247,1.4271652976895466,1.7595333679841496
162,-1.682736522782537,-0.03423251409466939,-1.0198328617833063,-1.020432436966355,0.18778820835555296
163,2.438638244416643,1.3916999900452294,-1.5122358710930948,-1.4439262409574865,-0.5957425640000751
164,0.9649588815417658,0.39552493237229136,1.086906935140002,-0.9217150819215816,-0.060630938699537895
165,3.729178762156948,0.5947268736628397,0.9367412119165077,-1.0577336792780978,0.1472764746291096
166,-0.055024862488194715,-0.5807267735861712,-0.8462262218186208,2.087556655640564,-0.2077795815661585
167,-0.27797378754506513,0.9113505250214021,1.3905681115199093,0.39574676209958953,-0.7533599175437097
168,-0.23551946274618457,-1.2193574239320293,-1.74780124312168,-0.7308535805163496,-0.3367200884408948
169,-0.9167363075655952,-1.0006854333652322,0.8016748857853229,-1.08323512098645,-0.12700342104247042
170,0.2538235406745964,-0.1236529025661939,-1.1569448491954364,-0.39890231629096196,0.13934554020707565
171,0.28316612968276367,-0.577838523559466,-0.6134081447733588,1.1650456459128586,0.7563017676419351
172,-0.20844133915444982,-0.5016675788416007,-0.9420998153260948,1.5355524733212322,-0.23534118253694522
173,0.2776198590521518,-1.977672466340841,0.1390508328288884,0.7191275569931159,-1.410518720396868
174,-0.1642677192140436,-0.7612156234847504,0.7097450731157349,-1.3836269089357593,-0.22213103098749062
175,-0.602276100192692,1.6346220801560232,-0.22411379920235155,1.1777171281800438,-0.08916348541673286
176,1.021047223160826,0.4751990477539483,-0.7382279163993445,0.4420980909504129,0.43452756080864596
177,1.9236483175921384,-0.1789605684836593,-0.6045026629951723,-0.43135887532528794,1.7476464053299945
178,1.2153794826301643,-0.1293386869383358,-1.2126390151997244,2.1521362335211016,-1.1034575551929657
179,0.6469039811468211,-2.1378947913374087,0.2404567522154747,-0.40604039598410196,-0.5003830244527907
180,-1.154946781818635,-0.5651303305093339,0.9799824603587871,-1.1710862660062678,-0.07633947915639458
181,-2.0733649417553157,1.0909758113918917,-0.2732627840638911,0.22851946542593102,0.26738873800790525
182,-0.4586968197568333,-0.3149753041050464,-0.10083925526135948,0.9115844597551902,1.6129710772454084
183,-2.0579504223145375,1.342715577667577,0.016104644868503652,1.0502361920916206,0.3055973365565785
184,1.838333457111486,-0.3280397924536558,1.242849538050516,-0.08317302642321033,0.5532968014354882
185,0.2724228971397985,-1.3731007636828532,0.6526264572013729,0.4088749607878044,-0.6465075792181441
186,0.1130345286748358,-1.225621287662856,-1.359241147592845,0.7833190962219165,-0.16739657575086223
187,0.06871183477828714,1.92949248823638,-0.21084257254211514,1.188220784748691,-0.0441514512620982
188,-1.1374905694113322,0.08131148877499637,-0.28580179582725457,1.579459907319635,0.5155373537052547
189,0.31232547384895504,1.6874678660047908,-0.2622739796457121,0.4920484461944139,0.3895860376914351
190,-0.6301934578392893,-1.117010136141881,0.9611689142014997,-0.7979968932258713,0.2055724840759422
191,2.0382302219245134,2.032617051354749,-1.2359764334379082,-0.685166223628575,-0.911248882391088
192,-1.3775962693163133,0.3627988067341102,1.7000621519580128,0.16382098509467655,0.0816548681813811
193,-1.6202340777421003,1.0104922274774848,0.07977191604275628,0.8176124408450661,0.8626798751651951
194,1.5167315311326286,1.5263445660972164,0.9278418663012652,-0.7711496115609978,-0.9455880612393796
195,-1.60926773380649,0.5715451071178593,-0.33007539983015227,0.3652334830940437,0.5457147451972896
196,-2.0285774341757556,0.47251578941103445,-0.881256394672246,-1.2827393791424966,0.16631151679797557
197,-1.7866794449517474,0.3740684135044389,-0.7432702655557173,-0.9859644310892032,0.42830987848742536
198,0.32246985395110805,1.6571215263129448,-0.31960762044715596,-0.12106860622793356,0.5780352184144313
199,2.0813716562068136,1.3194196862085443,1.1109387475642587,-0.9205205188618962,-0.3698891523230698
200,0.9740999781627797,-1.501875158608083,0.2039589397396417,0.3317273037093424,-1.3230082315459735
201,0.6492642057704592,0.41644859656769473,-0.2053212049625905,1.6971879063775972,0.8144459113909029
202,-1.8381755729967362,-0.2012124306572891,0.658868640216321,-2.1310942090018363,-0.6807407098037997
203,-1.9652696036932027,0.2952058300609177,-0.9927337649016985,-1.4061568140649496,0.1329318394257747
204,0.6010826033059333,-1.8146752761920177,0.5437758932909275,0.4579606009969315,-0.5155505891482625
205,1.2299451769684229,-0.24302445508317297,-1.3252172283060357,0.11419417901306375,-0.18910629932812092
206,1.108573716950077,0.6113645392346331,0.3584830385553791,-1.057512401309765,-1.757143057578094
207,-0.06959959244764784,-0.038860745651861255,-0.4183987530754856,1.4321366711526056,0.582362791293814
208,-0.549224991076871,1.3175805137314807,-0.4971055196461503,0.606933962914345,-0.1499374680574851
209,1.3046266186201179,-1.1819750605001869,-2.1837272327920605,0.4068694667411307,-1.5233257585811262
210,-1.4470717996248943,-0.11919964632388952,1.1321155281543946,-1.0913901790408627,-0.17409514948880173
211,-1.6887461524617342,0.8408136609206449,-0.15988073683817328,0.343068444088513,0.6979544490401255
212,1.5339252024309737,-2.076077289673211,1.0125230904284603,-1.046810177670956,1.501061413291179
213,-0.16302495691554084,-0.899040458876106,1.6917453923731034,1.3641146450433976,0.64018347002686
214,-1.915451310385948,0.8506444844581869,-0.3597395342403201,0.1086875081294904,0.3463840505490197
215,2.9474845584412033,1.285322863024346,-0.0025733107955901798,-2.044375679613702,-1.8575452155346384
216,-1.6890885745926838,0.618008723430013,1.6810098893116465,0.4793451266399038,-0.3434386544595456
217,2.3010106649078974,1.2011896664908774,1.2998103308449722,-0.9107332706526348,0.26108518461791536
218,1.6011166880145389,-1.0493152081003227,0.3320970015767491,2.1958280773418286,-2.139641628389531
219,1.4692441665798286,2.432655853983956,-0.3197431340820198,1.166712401553009,-0.26201461590778413
220,-0.4858719607901837,-0.6412327243665447,-0.39804552999569826,1.1663858945912755,1.1136455503447706
221,2.3170557975547683,1.0197429122427961,1.0331090361953967,0.5431468659499227,-1.0682263641019556
222,1.5566954445296386,1.1503704728206088,0.3921056725519724,-1.1474635073289108,-1.8401846881024693
223,0.7892361486986398,1.243709235502577,0.8475650393860266,-1.247051076201699,-0.9329592520372629
224,-1.8480528087156167,0.6320727535425263,1.5408837648165676,0.21496220189691928,-0.5489550648466633
225,2.4303525359793725,1.8921859429148968,1.2169313935219381,-0.6759053638560534,-0.3789165979081286
226,-0.831215381735569,-1.2954181583191926,0.7142280941218968,0.5143889839098514,-0.8160921751972915
227,-0.19781925106694884,-1.4413325148666556,0.1398120615069362,-0.3826737350416925,-1.37335368423879
228,1.8162571774821386,0.42694542297592675,-1.1221510272295991,-0.9991725020210501,0.4794618134351327
229,-1.0959816810506082,0.7334827591816957,-0.6958136309735076,0.05708421205876827,-0.09708911941157489
230,-2.0327081479839832,0.9941510251617324,-0.3265610299949138,0.19848952431137132,0.2486301355615497
231,-1.9120772614555666,1.2505084541663318,0.07406101765631,1.2913839450847444,0.4065738869234984
232,-1.836959832866895,0.2465948964029343,1.1409855112593876,-0.8302699817097567,-0.6104880606954227
233,-1.4636691903569736,-0.37889231495785786,0.8448992333351857,-1.7522259764231525,-0.27656394314590366
234,-2.0366140873913667,1.2803848083239657,-0.02422730886412357,1.001210503897282,0.2939433033492243
235,-1.8316133789288263,0.17276698771246024,1.0684070176251224,-1.0106746578715458,-0.6225540303506197
236,1.603753464102607,0.6003276430685361,-0.11059251816473602,0.7326613788856299,1.608252394522487
237,1.1706231325937033,0.2976740080688155,1.279514900421585,0.7118200059642763,-0.3097334254112912
238,-0.8998758010470974,-0.7832950394860732,-1.0011124039764412,-0.7667368077174327,0.7908999482698442
239,0.48999532835544163,-0.5076614986209967,-1.2946059484079773,-0.36545538882139006,0.1599569213496469
240,-0.17861843476253994,2.0582491601354995,-0.33350610014583065,0.7814895392621525,-0.24670668768387743
241,-1.215826776859794,0.10043872166075404,1.6632981343609055,1.0815492578311305,-0.19898776657217096
242,-0.8947626683579143,-1.067134514832682,-1.1554088226124242,0.70765197853631,-0.001411324776438876
243,-0.9803022000105162,-0.5260214788423683,-0.7865719986898697,0.08853429023608145,0.6382071441506463
244,-0.5608416941828265,-0.5593543491722445,1.5967653789078424,0.464441813116467,0.5427454414163985
245,2.332830032671896,-0.3107960713637689,-1.4002179952892322,-0.3303656205869768,0.10199439895168216
246,4.057866810511848,-0.9332373114695347,1.616929466450726,-0.9509370212558214,2.553839865923733
247,-0.7340773793822156,-0.021163494793713523,-0.09308627444454409,0.6238134145400316,1.500066330809004
248,0.4982242928947727,-0.249073132485986,1.052910795512039,0.8885460070728511,-0.6991317274939647
249,0.30007439511652445,-1.3475912579199247,-1.3473709792674753,0.16338451448620422,0.2647614150509086
250,1.0928087329974314,0.006704134082493042,0.9100956190263091,0.018287605756328654,-0.5549354964842882
251,0.26871747702496557,-1.710645417418543,0.25497280172925874,-1.07248499207558,-0.5394764044922723
252,1.7072599454045034,0.7295095366634468,0.1328524843510387,-1.3603422672964598,-1.945277018020588
253,0.49500672987456407,-1.0159624929600588,1.2565975603459987,1.9198646957962344,-0.316849043752127
254,0.5694453838910409,0.5199142195474431,0.8722896490059324,-0.7227686327090251,-0.7555910781076896
255,-0.10574057347609661,-1.1403096551616099,0.5037428317101004,-0.10750496132215509,-0.9511434978186282
256,0.6416096061820272,0.17070249597619777,-0.46407641419278794,1.1686219853422641,0.7011419431392861
257,-0.6338717895456404,0.12808906846659923,-0.7867630093195119,0.8857442309106055,-0.14662864361373656
258,1.5447434306898284,-1.4783940261342736,-0.26099892458486257,-0.37046158694239123,-1.8782032730577154
259,0.17433133482222402,-1.353047697966662,0.637212281021978,1.2034943613024902,-1.076982895294624
260,0.6694188584776685,0.6803856467657223,1.1999847325357365,0.841826816082735,-0.900029289596486
261,0.030417881067757446,-1.4048183698428875,0.4243038032702429,0.5134364852580726,-1.18585640796325
262,1.8833386731668982,0.9414273840965381,-1.5667931117511473,-1.484292546764371,-0.5790539330899258
263,1.055852385105274,-0.14751281920213147,-1.353901110473729,-0.9963722168017087,0.28531934929481567
264,-2.0393198228809974,0.8531524722102677,-0.4861173865992804,-0.24933701036610215,0.2270533015218038
265,-2.085147777018659,1.0213845799607215,-0.3626202697760992,-0.04481730050489416,0.25748226806089064
266,-0.0065740268027936035,-0.5263566058971022,-0.7917656759575444,1.5327899181923494,0.129842975187395
267,-2.02862691500486,0.7054966548293194,-0.631274373867811,-0.6101463626896796,0.2029213622114097
268,2.1889989428322467,1.0252398428724092,0.9168955349430906,-1.3029289072807815,-0.3615762955724299
269,1.246064219061617,0.9076496867196767,-1.1264810024597394,-0.13075464355779626,-0.3796909106974333
270,2.999923575853145,1.9568380143057666,-1.2979441100694769,-2.2414407826543004,0.1428636341310679
271,-1.9967729657772912,0.49793065527493885,-0.8143836921268618,-1.0140664957924557,0.1675309952561266
272,-1.8579058588890212,0.6819843347298084,-0.48467651518089666,-0.2698304052276942,0.39567773003269924
273,-1.8600109375507,0.564902109281536,1.4539059018464666,-0.05245965661876547,-0.5584659292312124
274,-0.32322934272137566,-0.14124643976899975,1.2626068338344356,0.7732058230336235,-0.5541150862281079
275,0.48129860809024083,0.7774366949829349,-1.058202763942687,-1.5644434725406762,0.3856210197057176
276,-0.4032526293904201,-1.424112427067425,0.9651421345692631,0.5103745681059326,-0.12732564495887644
277,0.26399895321373296,-0.04121992930554349,0.9729861882352853,-0.1282246516389151,-0.5869262749566813
278,-0.1763043535399845,-1.114445461065167,-1.567096736434484,-0.15251673297451462,-0.29626233622719805
279,-0.006130752573111666,0.9208987344529759,1.6225498009688901,0.25794940066166583,-0.16976666339296687
280,-1.9969977401781356,0.7333321078634033,-0.5620220485803202,-0.33555857192449773,0.2045364462320263
281,0.19753426219553324,-1.2995509721044476,0.6911049358612043,0.9910604712497577,-0.9023744022738723
282,-0.15186441468129763,-0.42361724375960985,-0.7861570290089317,2.135661064962373,-0.23703385654063003
283,0.8236118810503784,0.4426215034350992,1.0377367925083951,-0.4548756346856289,-0.43674772796981587
284,0.7406057711909704,1.5979795892119744,-0.8996535461563476,-1.0913384246320752,0.06302916190154843
285,-1.9060636660892047,0.9685356696204541,1.8297646622161892,0.8305679771103999,-0.49103151171622555
286,-0.09941989591567785,1.0427845874606703,-0.44247214894093784,0.9293844612025173,-0.0282781536505428
287,0.20780944456371256,1.0308037112988346,-1.0622577358212362,-1.4977671234208212,0.11440109561484323
288,2.2993246169129518,1.553511533426369,-0.43023822350794305,-1.088310819681903,1.4560657599983864
289,-2.0302922039363898,0.7284922329460245,-0.608667957817794,-0.5539547422458438,0.20667961505483146
290,-2.049212594811967,0.5251642100739282,-0.8504429319080474,-1.2573733206087212,0.1763831277554677
291,0.8937243668310795,1.158373038592176,-0.20613135461346171,0.9640461686124709,0.7740606866019488
292,2.7107794084707564,0.823574112036403,1.1535288197549776,-0.10880928330006988,-0.3068777906997736
293,-1.0463738638656186,-0.5322362915056038,-0.8873200616474245,-0.5208403278574162,0.7043406253159664
294,1.7311036040976995,-0.5330158256929403,1.8609680697066473,1.0029389759494116,1.339906758634398
295,-2.02022413843368,1.0540599079121842,-0.24672203525113395,0.4481666605816342,0.25695418325870206
296,-0.43145462835724524,-2.616965892409014,-0.20105634058242494,-0.7640594684658969,-1.0863506355250696
297,0.3530407599427323,1.6846933734323335,-0.18225509660302014,1.241789004397658,0.21791010520639953
298,-1.60282446797666,0.1491285307746461,1.2672240985442254,-0.6276112509267869,-0.3313810611098288
299,-1.2592102995501577,-0.7602421818432598,0.6929895884237562,-1.5540385342768337,-0.368938485828181
300,-1.0445722664580563,0.530584667914405,0.18230846649528137,1.4081903796735529,1.2515056377849614
301,-1.3146039349704282,0.3138314960155793,-0.2537115786132603,1.2114993996532146,0.5516996411423517
302,0.014295939929995252,-1.0950514138524452,0.6305219526867958,-0.35951146195886113,-0.5847246838411628
303,-1.7649218256178163,0.4334404469690673,-0.6267456326223424,-0.27670371045034436,0.30225742911594244
304,-1.1246907704685023,0.05637337950390101,-0.3177389637460946,1.2542462212087477,0.6200690402314207
305,0.2977829138635838,-0.36223576636960586,-1.3327696813309915,-0.41725619756708177,-0.03434392870744674
306,0.7391806730354153,1.930544253155509,-0.546511514011873,-0.17107613295290142,0.1258091967143284
307,1.990750533732373,1.1957436588702908,-1.0993428897502906,0.8650331870493895,-0.8639558377806853
308,0.6353136995077556,0.7265905766888782,-0.9437669794949788,-1.1231580093712203,0.4822510165227444
309,0.4766957736543282,-1.827756967432359,0.3832544078969885,-0.21180844245083416,-0.5502545351383745
310,1.620680903106544,-0.5619491355679445,-0.34369725507858206,0.1558572750449508,2.1214485436444788
311,-1.7675548933302097,-0.24720618573665928,0.6974291356228063,-1.8303447389073777,-0.6941259753861166
312,-0.4033717426915234,-1.5170448698302827,0.971603554872811,1.9127765478164709,-0.6939321062749708
313,0.0659220350603306,1.074759109643989,-1.1383183989470405,-1.4024104898257492,-0.14357417359548733
314,-1.259723414093484,-0.2596695114895063,-0.8805804879259967,-1.36052130886029,0.8704625829544607
315,0.35319703391859814,0.7098370198265088,0.8417726845083426,-0.9537004526225087,-0.8879408899876026
316,-1.6842058099666792,0.4227557849176722,-0.5940647712075005,-0.6975753742025833,0.5859974726078613
317,-0.6978560571989112,-0.1074400195024919,-0.1566575776447133,0.3444079951651081,1.5667741940752897
318,1.5910104152772424,0.9985633042740405,1.2737127945657636,-0.22630209721577949,-0.32601486530195994
319,0.48265345963928646,0.36227803300098615,0.6518917053805618,-0.8175578244211452,-1.0678196655006162
320,-0.3211649680666511,-1.4440284870233209,-1.1027312520316528,-0.8979002853124901,1.2231075407945504
321,0.8066548149971534,-0.2334699791650055,1.3357810775270664,0.9746212610655123,-0.11175062458584949
322,2.1449256518003894,0.8461762161040907,0.6728524291164341,-0.3811865126754314,-1.289789851626202
323,-1.8189540758067835,0.2302552832927328,1.1458663896267949,-0.7669124290164233,-0.6146255882159327
324,1.27176043749063,0.6465063530559051,-0.3896304074314031,1.8217619747036045,0.31632405571640787
325,0.15884766994245045,-0.9390988622550611,-1.1273313288595792,-0.19255620568647755,0.562080887642409
326,-2.04471575764817,1.1599612463190265,-0.16355687216057996,0.6036606822485039,0.27572911659043486
327,1.8850789248482547,-0.8048030146267491,1.7148532578910471,0.4383944289686484,1.523178399153806
328,-1.8736343553173123,0.5207270431372502,1.3895344549263828,-0.2636898946906142,-0.5642185407723391
329,-0.46329913266216893,-1.5171061418122789,-1.2670424602303576,-0.55013541249118,0.7512818851009082
330,0.03022798965818372,-0.9691018267891485,0.7191512504150845,-0.9412581555237979,-0.22177135887837277
331,2.770613480164532,1.697871615650065,1.3142059348843544,-0.9996400155994409,0.17236121586975797
332,0.23650726237466918,-2.4481871454672834,-0.40284091601169403,-0.6679905136534933,-1.5549147829984054
333,0.8285130853761412,-0.13451194152277465,0.46599654183583816,-1.4384622889421501,-0.743568941612806
334,-0.6091137106504443,-0.837533278466786,1.2616122591813907,-0.26604903577707667,0.3812819819026661
335,0.45657291512072484,-0.8822307090636532,-0.7877414479978753,0.35186836436166774,1.0231653349999663
336,-1.2010446640060461,0.38816145267969016,-0.06762895659720221,1.5721463543510876,0.7355220030270131
337,0.41509765279771155,-1.558887153159147,0.7078124335841618,1.9577164124704993,-1.087554283177194
338,0.7117504396595734,0.16482332939524896,-1.3829065210478475,-1.1980362281488328,0.031211847040833185
339,1.5288698138213241,-0.7478348250360981,0.2794480531007653,0.8470306892923004,3.089610660156899
340,-1.377073206272343,-0.37819946488387796,0.9756947596469727,-0.8689924604063084,-0.39944701033333124
341,0.4721568870345132,0.9921942167975505,1.2623679043158196,0.11207424560519429,-0.6953995704522382
342,1.692506797359704,-0.9652995325364269,-1.5317679623962166,2.4161404290031894,-1.1935274879187434
343,-2.044315689675586,0.9221392065603828,-0.4182981384492289,-0.08076214903459454,0.2383280600520699
344,-1.855354343027253,0.03600511202029984,0.892071668942813,-1.5514332823180557,-0.6419713646821829
345,0.17912903800307586,-1.039892073080161,-1.2204921948117442,-0.5200348555464267,0.5976080139336318
346,0.11608876290939563,1.596936194834143,-0.52832520575575,0.21124733234268459,0.000970380394027699
347,-1.1490963073549656,-0.39479242632697054,1.2158313409780512,0.07591985842512869,-0.2875694916042147
348,-0.6538335120273306,-0.1545329932996765,1.9084409212827902,0.9523885887063013,0.6508925122114658
349,0.8205963481926302,-0.24707042073032578,-0.7580210591912454,-0.014371005365370495,0.9750039790646914
350,-1.9627278469029734,0.2601073160933151,-1.0272382946622511,-1.4919229715844884,0.12719555877002509
351,1.4424593564120818,1.5020036981920262,1.724602392710166,0.15483557040691837,0.1585260700173181
352,1.1806714076415974,0.45268841718301195,1.3413122133300297,-0.6189914875714517,0.3214657835553546
353,0.03270057198435333,-1.796620026879149,-2.0129494170849696,-0.42977566094203823,-0.5569977655518569
354,-1.8080858743589057,0.08017887874160509,0.9983297796161573,-1.1336366887551417,-0.6391531330887928
355,-1.0867119883597318,-0.664830112093309,-1.028028616872431,-0.337023101043398,0.41806250304769155
356,-1.4417918216045786,0.8339205555029444,0.06709119236102878,0.6906116704211738,1.0547084681260297
357,1.2078929299196344,-0.6657494788946483,0.2814821399823355,1.3183319794051123,-2.1867440936588878
358,-0.13980114100133276,-1.0300604363281156,-1.416832915254734,0.5393343800115088,-0.36016563864782825
359,-1.9250335377938863,0.9981885121666424,1.8379717089303713,0.7997424152003398,-0.4847181536021556
360,-1.3155534856933249,-0.04312735262766786,-0.7154542606404417,-1.042774946542097,0.8977603199616081
361,0.3134851208900045,-2.272444537947794,-0.16653120968337656,-0.44445296322511535,-1.284132568750861
362,-0.8387516898364608,-0.6499191491041175,1.2686014373204404,0.3046088239092476,-0.04433327481643985
363,0.2422468753347161,0.36431140957671654,-0.6789271842216935,0.4478623050117555,0.379337789095596
364,-1.3896376695183785,-0.5749932680566655,-1.2589494181169754,-1.1546055066211647,0.20007465948329492
365,-0.12139724087700099,-0.4275601083096512,-0.7801553698996487,1.8759804707207748,-0.0965383614105609
366,-2.001993606972724,0.8023188422135188,-0.49420280043026854,-0.16698371059299028,0.21581120476229243
367,-0.0015555361133650955,0.11366505270463716,-1.1268325108774027,0.1859815972234279,-0.28569789482198404
368,-2.081740867242068,1.4389345673937017,0.0897513169906292,1.182070584097927,0.32278984763844926
369,0.24992404391639475,2.0605249220598405,0.03212482996089454,0.74173727744936,0.6004853525725276
370,0.293835561992136,-1.4071007018370765,-1.444271050314043,-0.44390139729492,0.3870970715733183
371,0.04926687734645452,-1.0444956805369114,-1.1921801564369832,1.733208994163491,-0.4036072719256189
372,-1.830912204641866,0.16308463903174203,1.0588885266566945,-1.034334287532108,-0.6241364526004819
373,1.482346552563859,0.4579006316110155,0.6435994535511711,-1.1122198625296842,-0.8449336948039713
374,-0.32683406292976674,-0.006438434216498325,0.2952814365494447,1.0534024733830782,2.1647632952511393
375,0.915488455818046,0.12398587962409074,-0.27769031163597335,1.0734437106809576,1.2121045447142638
376,0.9622190927722684,0.9865185411950401,-1.4433906884996714,-0.7404996182571953,-0.9808450123547111
377,0.16384834683802882,-1.6363130188863435,0.3539059280265798,0.8515628743537138,-1.2957885665832085
378,-1.85948505683548,0.5576403477709974,1.4467670336201455,-0.07020437886418739,-0.5596527459186088
379,-0.17435435079356323,0.23082085050920373,0.7416553731539248,-1.6809358476396146,-0.6225082845721445
380,0.1933233930867809,0.17645799854266556,-0.902640828832757,0.21488539219978217,0.1526548098356024
381,-0.0325725595838042,-0.753367114142169,1.9100765277654286,1.0073602283702674,1.172959450144854
382,-0.35204576773894386,1.008318289469127,1.4427783358681252,0.8554004951026306,-0.9411611002864495
383,-1.9590466818964338,0.20927498551954585,-1.0772103722464994,-1.6161360273024412,0.11888784195825022
384,-1.7865247650348908,-0.2175533431904706,0.7056361823369878,-1.861170300817438,-0.687812617272046
385,0.34507470842513316,0.5917802957727231,0.7049058103495683,-1.345354916130932,-0.9055126693742195
386,-0.9168644802582039,0.5145294500127763,-0.7234295276528815,0.278791872027817,-0.06599252595503748
387,-0.7955566059739904,-0.13471603434951177,-0.2213374032056864,1.0211230256262303,1.1234154731539754
388,1.1521957205277111,-0.40548563557658873,1.4669705115374376,0.8012977789172935,0.4248722802880075
389,0.4566779925099634,-0.2933082076957758,0.93441460912475,0.20241157246037472,-0.6022980830575086
390,0.29239487372756817,-1.6944431838338887,1.2684594699263758,-0.2845008932032561,1.1846799439777
391,0.7678638649034292,-1.6511991548340976,-2.1786357103229714,-0.3422022624006644,-0.9183088980068498
392,0.26705384189669606,-0.13104320638995,-1.1700973829412713,-0.6799748243180156,0.24962960316128216
393,0.8374559718633959,1.3396752992007923,0.9858678875012644,-1.0624463314232173,-0.7937473897137646
394,-1.0150665075269751,-0.6217760748040835,1.1507029762199907,0.4257559739487978,-0.39519437083961406
395,-2.0476462675386453,0.9681303627937927,-0.3730853063491947,0.03162109185307721,0.24584456573891375
396,-0.03271263303328125,-1.0597407527374187,0.5500513403170684,-1.4867139180897626,-0.26446045567184706
397,-2.0505272966000168,0.5433186138502745,-0.8325957613422446,-1.2130115149951664,0.17935016947395876
398,0.9505722350975067,-0.6450578813119879,1.0282587151485727,-0.03731415104036373,0.04444402727748737
399,0.05382564308155613,0.09205599434221497,-1.0995574303992677,0.1730875987098972,-0.19798525431908479
400,-1.0070336928024188,0.17111034003844158,-0.07982307874864322,1.8096493945940992,0.7924150793388639
401,1.942261764984402,0.7400731962181957,-0.6679750940088459,1.7318883676670824,-0.1694614161617953
402,1.8638953642266078,0.6675636074321387,-0.808865832550274,1.583504841099235,-0.3530724751235649
403,0.1465462911902085,-0.7913271225505202,-1.0643886905847972,-1.1039819249378728,1.0033677723543584
404,0.01286793558061557,-0.883944508135614,-1.1028999993638398,1.3806831836439333,-0.17945480356048532
405,0.10178321075133777,-1.5742579382875075,-1.6944405726317964,0.5399950225784983,-0.496182899241994
406,2.0830684372532184,1.6644847911434213,-1.5410464901390468,-0.9355810985120142,-1.150516663761387
407,-1.9145771618909062,0.7859873309805432,-0.4209582085071983,0.03867764816664948,0.29937100456334426
408,-1.8418298869188476,0.5461419090011548,1.4564071574717672,0.004982988659427149,-0.562999062314188
409,3.937789120127932,2.0549377708616783,0.8020631974681262,-0.5206873916670162,-1.1652487744858242
410,1.5897458160888447,-0.3555418049596861,0.9956790966432667,-0.24539377928029435,0.09396147614783588
411,-0.2130900988402326,-0.21196293317159665,-0.6656848245862874,1.8923432791388448,-0.040347998811471185
412,-0.9040909189397806,0.03472364525091246,-1.2264803478870938,-1.0915674629574779,-0.12168512748017597
413,0.03698408723528498,-0.43601559307248133,-1.6625754714688596,-1.0673392906853476,-0.4076716799371243
414,0.8354511730642484,-0.8540933050389362,0.7168801606531996,-0.46308941772351886,-0.2705488492768622
415,-1.2962173472089065,-0.2700856939985798,1.1677111854583704,-0.4482300665398139,-0.26140304455356217
416,0.30686322892927903,-0.7645976634600893,1.2696119773774157,1.1367382644455877,-0.1440483655556377
417,0.19952743070303744,-0.9251726809255016,-0.17601039774071608,-0.5781696377205074,2.7042725924722215
418,-0.06897523641696691,-1.417201431148026,-1.72417925147603,0.16991198159359502,-0.5308232995105618
419,1.3381711841154766,-1.9933704966204269,1.8690132215528192,-0.7095198948943042,3.0221576051174277
420,-0.8025340706966057,-0.33988807709905666,1.5685039833726058,0.19761014269355534,0.40570090427069355
421,0.09360851787139703,-1.2892794488118873,0.5966231940393915,0.7580224724510028,-1.0156598047785852
422,2.901586113412663,-1.8541148048208418,1.5196747803876662,-1.6098280760835726,3.00629097511534
423,1.802368175458074,1.9145091531942668,-0.6080922407700521,1.067344836173391,-0.4978039859253015
424,-0.12045567679205806,-1.0923943072267221,0.5695968933452675,0.4552879577211059,-1.1123244890441024
425,-1.2519365942533072,-0.7581037460822476,-1.3094381280671166,-1.2373393369274754,0.2911668031553671
426,0.20806057026960403,-0.21838739025475135,0.6905979040808629,-1.3386213492852044,-0.4925630897445367
427,1.1070826206569613,0.8715816322140058,1.731453565848756,0.6449611149357303,0.2266241886214567
428,0.06583004289954614,-0.6109334229509629,2.0556737421610216,-0.016918162904583603,1.8603929487614768
429,-0.9249229490632944,-0.20022275799894665,-0.38931080940260915,1.0340255221894086,0.7953611141832084
430,0.9724091439349923,1.1331794268644797,-1.2060896188438253,-0.8601943058497452,-0.4192459667722036
431,-1.985603658015038,0.5759939418017372,-0.7166975268172793,-0.7200275539086379,0.1788220846717703
432,0.03904973391955246,-1.172611640540432,0.629302978155731,0.3732495478416373,-0.8648462737531082
433,0.15556103225088022,-0.07688895448109505,0.8609393039782394,0.06552085464004465,-0.9009461463951189
434,-0.7556861085608817,0.5458781932634158,1.5295271655166378,1.1695454238370466,-0.760787909404615
435,-1.3735965535243195,0.012821646547807495,1.3309866249230844,-0.7980160164564686,0.018256295915931448
436,-0.5025998089746373,-1.1246266561679337,-0.9661205314714318,-0.7796683905832015,1.186842250308076
437,-0.423289343700751,-0.11086006967739742,1.2331408630557077,1.2289330485150582,-0.8650134570802013
438,-1.9121494602709994,0.8202753551584512,1.6630694373855017,0.3649967201875047,-0.513795162443368
439,-1.9991775949525465,0.29883801023916684,-1.031050994541798,-1.6038508084333039,0.13645962771720918
440,0.6555040597461863,-0.7156172218660422,0.6536007517813813,-0.9771967455400594,-0.2960972359132877
441,0.5106809025118055,0.9895315859315832,-0.849054659921668,0.025370535957665745,-0.18613748076578457
442,0.6628744074859396,0.8660074233083006,-0.6803187853765615,0.6983952593764067,0.08905564275176138
443,-0.5226105192037037,1.3969222884136097,-0.40148700222599026,0.6431913829642889,-0.022125916454728674
444,0.5804573578501254,2.3328612548441265,-0.3479718670907113,1.1186144407919498,-0.5005088766197591
445,-1.6143450855281878,-0.40964570720908855,0.6710380347062868,-2.0315749623904,-0.5108443547053405
446,0.5309599097615196,-2.0997441099963803,0.15281224524932885,-0.7599875824345808,-0.5660873368501879
447,0.23598236732423292,-1.5272514127926775,1.3813233604354023,-0.0904285851696469,1.1968652857054394
448,0.09107603336045232,0.10957357938087726,-1.0244990495932949,0.6076961506679209,-0.24977108577979307
449,-1.457486938927885,0.525773943746943,-0.16611312435056155,1.5440109211895614,0.40009542691285765
450,1.762297711264077,-1.9362540827508756,-0.41775987968552925,0.6452727818634602,-2.3001546289141097
451,1.3705792147902285,0.672841454243112,1.7375481286812258,-0.019181944304918427,0.7364506922228095
452,0.7900202687341246,-1.7218281766604862,0.7652311562899454,0.1034652486021616,0.07127686484223238
453,0.9323959423749919,-0.36497830596407316,-0.7808379400830207,-0.22591165700058463,1.1308104323713268
454,0.6183653503533804,1.7657703425054807,-0.9595639029614391,0.5872808941376579,-1.2208495991003352
455,1.4026935124033222,0.6503129230248041,1.760215514992659,0.22080164838204333,0.6944840856741445
456,-1.804054122208887,0.0245053738274775,0.9435984565476941,-1.2696795593033763,-0.6482520610254984
457,-0.0250942298845954,-0.9226621013629898,-1.177715226379238,1.2558419029635217,-0.25490038675975
458,0.1867307375959775,-1.760490831440089,-1.8362059012546335,-0.22532366842227267,-0.28550241649130886
459,1.4925488092461068,-1.1249176555141362,-1.9833754943016015,0.23467210802938884,-1.0384312359403307
460,1.3201555022095073,0.5881045851818721,0.6735709979211983,-1.9457045386673646,-0.40037782159874186
461,0.3718092319623567,-1.5570517492574918,0.5667136798108054,0.2956283728003064,-0.6206177581919651
462,-2.050576777429121,0.7762994792685592,-0.5826137405378095,-0.5404184985423494,0.21596001488739294
463,-1.2551034693331928,0.625103306781102,0.08003762692302527,1.3064843099523946,0.9815860542578271
464,-1.709358337832913,0.9312086334442221,-0.08947438182403437,0.46271554881132,0.7188686963745631
465,1.894715294234515,-0.3559179969789059,1.1373482332951763,-2.108787830941376,1.3006742458781948
466,0.26239789934015995,-0.9336675861955536,1.9118801293889858,-0.4046776116918037,2.011329768268532
467,-0.8090406899360265,-0.529780887184363,-0.6707766033893345,-0.338704939713532,1.1074363054586438
468,-0.25450875809872314,-0.21965657019522383,-0.6822040664284064,2.2964615035684206,-0.2627204547835679
469,-2.030856250608376,0.5039834226233678,-0.8503212990248543,-1.2058455827456687,0.1714543891100265
470,-0.9001179233943394,-0.6832522070325162,-0.9253370154181677,-0.9711276556971544,0.9690693679512997
471,0.6267238128515619,0.6987539905432387,1.117196377339211,-0.14286780255686243,-0.6372791579109877
472,-0.6440979311558436,-0.004416266155070671,1.0589981124314387,-0.031136370715970616,-0.7590852454129531
473,-1.650328030015021,0.46553804440157515,1.5965526069482947,0.7629921830081283,-0.5312851036124104
474,-2.1091629963470333,1.3530050222753098,-0.036611954107431455,0.7655250153693701,0.31168023011866136
475,-0.9047841255728276,-0.4750438648727868,-0.6592674577244286,0.36265281028200014,0.7508477142586302
476,-1.7989324426716617,0.18607891772546747,1.1233816064599709,-0.7715763115972072,-0.6233125797047956
477,-1.8443603288367392,0.11648898571727742,0.9921374569945028,-1.2514794330190975,-0.6302846697040739
478,-1.4493405114558426,-0.20389609141154577,1.0354997802559065,-1.3953934486818331,-0.17219400330594345
479,1.4857375274846383,-1.1121468563994894,1.9391876065723548,0.6890003572845719,1.905177474165401
480,-1.8221588409272067,0.5068067177742485,1.4386816197891572,0.012148920908924676,-0.57089484267812
481,-2.02757515357442,0.6909731318082425,-0.6455521103204536,-0.6456358071805235,0.20054772883661678
482,1.3799798958841778,-0.2857614278867256,-1.2166755021228381,2.065188194581567,-0.9291305318734586
483,-1.857943969928427,0.28021308471284884,-0.9001363960256693,-1.1823877473916955,0.2506303845837007
484,2.489317672206196,-0.15843089334563196,-0.19357749580579975,-0.19356582513981319,2.450169987077701
485,1.2966601471716672,1.1442491947388393,1.2412089215410476,-0.48346579678619356,-0.31102514839893974
486,1.250133450620046,1.5564115419256026,1.6140265507021392,0.2388903641751307,-0.18197484087952692
487,2.01172958738824,0.9010996058625229,-1.4470992497143467,-0.7633141235248957,-0.6128262337918241
488,0.3764733439422809,0.09639743227919138,-0.7694555204828956,0.968057682000081,0.17036380603964774
489,1.861715715314219,-0.5385188879361079,-1.037286910977391,-1.375208024656443,1.5397296223271482
490,3.2902574237243227,-0.2913095728086464,-0.4769193663812077,-0.6100475740056498,2.413148273306547
491,-0.7898214055985789,-0.4286646081540733,-0.5301098615143811,0.20049255133599225,1.0789956753607197
492,0.3426647842031022,-0.96746773667563,-0.8757996644174671,1.6891033920851888,0.26583478209931666
493,-0.6256557590859464,1.6185092654174216,-0.2563064495589292,1.210950115934357,-0.16340411437588753
494,3.0890296246167117,1.2589071384057668,1.0096936872056659,-0.6002868028416235,-0.5080686318072709
495,-7.64193461536048e-05,-1.2123132688893778,-0.633882614354174,-1.0800286260248395,2.163707711894874
496,0.32790972678327535,-2.0954488131140696,-0.0026357391747568273,-0.53660301658005,-1.0290816641071867
497,0.11934355544120386,-1.6212235365585408,-1.7105133745746697,0.7081591797601076,-0.5698196855725962
498,3.593454441968214,1.6400250959565608,1.0086899726444738,-1.4454724839362778,-0.06848371377464517
499,-1.8282492035734665,1.0391404764783911,-0.07773166766948646,0.7348937557753701,0.5181946427985663
500,1.029576108169684,1.5249606600730141,1.3995422601375216,0.2692139127414316,-0.6548940880010349
501,-1.029121403509075,-0.6182286265169731,-0.8579214150726914,0.9117756571975544,0.16917363774439345
502,1.2583613119417667,-0.125727391138156,0.7876302838231418,-2.2782765941679477,0.37760274492426693
503,-2.0543074232647642,1.060112675260613,-0.28265964214912626,0.25638757362842074,0.26087757711260195
504,0.39955505417385906,-2.2264196100487235,-0.023350687872131834,0.0067412301344963056,-1.2149975192942908
505,-1.8199181904513528,0.24356851272872013,1.1589543147083838,-0.73438043823315,-0.6124497576223725
506,-1.7980210552053666,0.9318877688661752,-0.16291930715521494,0.4894697098115792,0.5387482843838106
507,0.29228900120263024,-1.902027672958561,0.11025065339337685,-0.9880847575041803,-0.7342234111376015
508,0.9202515407865697,-0.360298926091184,1.2597596840654666,1.6896879015421444,-0.6077418615253536
509,-1.6888922989232094,0.2144388812217365,1.258098185949199,-0.5283394095761805,-0.45861418271041443
510,0.6868008142378839,0.6058955828563105,-1.1213510630351142,-1.2561175808203147,0.15261286853526662
511,1.0210003707818078,0.2915869023515308,0.9252187455381313,-1.1002596285752875,-0.347761925643228
512,-0.04369440036069278,-1.2211192096924457,-1.449600901721644,1.4048090000083273,-0.6717519311399899
513,0.7922422262750739,2.0050971443727885,-0.39740463306829643,0.41769137572759335,0.11715526634304016
514,0.2650833736513908,-0.6490425492338868,1.3357563938663095,1.1219009680155148,-0.09184375422187603
515,-0.612571095180934,-1.291313615190506,0.8001002901090734,-1.1294049156530757,0.15557307050894637
516,-0.8200159328969459,-0.9065551383621681,1.0164444930526666,-0.32239091137044323,-0.08602066262807367
517,3.791077890919945,1.1650567144245398,-1.3966689107751027,-1.685579240155282,0.27545406374629205
518,-0.7936156198602582,-0.16424388055984124,-0.2563210200487421,0.8580134948496003,1.148244222764338
519,0.09525568613603222,0.9181151540855448,-0.24241449181707933,1.5402439208135117,0.34860375954463807
520,2.412065120255277,2.0757686195221563,-0.7165396691312272,-1.468803456814222,0.7995992315205821
521,-1.691689526352668,0.9421222098416608,-0.05632597819901135,0.5938822875096718,0.721960195327795
522,1.1554932096438852,0.35995052256079524,-1.730326764959041,-0.748398873445684,-0.9599153051476481
523,-0.37945136751031594,-0.2052207205875502,-0.9645945746960336,-0.6660451366128202,0.48922862935106587
524,0.48455014227271503,-1.3170396694955393,0.9661967829379615,1.705090275138857,-0.6006864121671077
525,1.5476209162084056,-1.232761956483584,1.868530289157982,0.43368173011003996,1.9755773071642277
526,0.6619583480768804,-2.1356274555233736,0.21018568421647627,-1.1156893410297406,-0.23429609267925033
527,-0.6361281756118846,-1.1233529811870095,-0.9869502282680498,0.6682492198735701,0.4509960306439267
528,0.691653371188192,-0.9357156273094942,0.5074458339477,-0.6827532337791351,-0.5677055481877001
529,-1.7415166550695178,0.4810729704756843,-0.5903735781193576,-0.6852510409515685,0.5355088029427535
530,0.5453637579110259,-1.1457709560519596,1.1254676971732882,0.9973739086740113,-0.058698733979647595
531,-0.19882483290328015,0.17926871759032753,-0.3466661201498855,1.2453709313961938,0.6356210635833601
532,-1.8655708510172744,0.40938003330899436,1.2800718087894578,-0.5357756357870828,-0.5824163966457511
533,0.2835826183807955,-0.1961591155163631,0.7704335543709506,-1.4087234899039167,-0.29817669522074314
534,0.3027940371008479,-0.9135940214982636,-1.911306105749547,-0.20722142738071966,-1.0458712394142218
535,0.597599339438848,2.4057787346116957,-0.18749082688894853,0.7291072976528146,0.08175964016521534
536,-2.0294652169067935,0.9493701625134119,-0.3705840507238943,0.08906373713126986,0.24131143265593838
537,0.6750805737826885,-0.1754655752280932,-0.791033514389358,0.41977173508820464,0.6288230068375731
538,-0.7760900892497457,0.568623712862244,1.5003121154284236,0.6663597192777877,-0.608937006276749
539,1.7846520204049048,1.2092936504784668,0.7113924384991126,-0.013980717858789387,-1.7067276688236221
540,-1.4487484054386701,-0.16558848826698752,1.1224143916375844,-0.5728139553466394,-0.4001394892146844
541,0.37906108623852786,0.34001617829644776,-0.6734925620933301,-0.9643006058276004,1.084176728047897
542,1.1380973619679986,-0.6566810057028126,-1.8698259835820672,0.23304264435699176,-1.205486385028185
543,-2.0422234816870453,1.3578435977697085,0.05192061888330228,1.1904875411817815,0.3066026813481196
544,-0.21914783500626756,-0.521542799181881,-0.972588820904915,1.4779785121668219,-0.2591824125436991
545,-1.3644391521676211,-0.4068410275660806,0.899282715793065,-1.8392435202375859,-0.08633188362651215
546,0.314107802417519,-1.5581673279506072,1.3789038139171166,-0.7453634774385345,1.5304009564005592
547,-1.791394819086844,0.08199366940774963,1.021057828549367,-1.0259173304482536,-0.6403236188908115
548,-1.5355370746429007,0.23074557478063287,1.4134519789335764,-0.37389044023811446,-0.1939367062667198
549,-0.3118338290990804,1.416329710319905,-0.1968913631134275,0.7571574486483048,0.3707850120982468
550,-2.0315305738109077,1.2101877803887608,-0.0932363683852284,0.8296781888582038,0.2824707420377256
551,0.21495084209941306,-0.8864191454148225,-1.0446337640734804,-0.38263196152075474,0.7922371428089736
552,0.27979936300426544,-1.839442831804972,0.1819349797253677,-0.5686263310002919,-0.8274541150687952
553,-2.017156500928231,1.0116996324340437,-0.28836543323800756,0.3446557808166733,0.25003108591555634
554,-0.25087730560287486,-0.8479454442153233,-1.3433839734580948,0.6393269211550392,-0.4064007869414696
555,-0.21002868233462405,0.9471576735673134,1.5066961080616015,0.8079830556549331,-0.7178795906391471
556,0.7633753452127011,2.079119592365364,-0.4259647059711261,0.9838359557137264,-0.3829575152560178
557,-1.8049687560243521,-0.1951622621548206,0.7067043608248486,-1.9097405849729197,-0.6826860758453724
558,-0.20349183329235504,-0.2127926111915999,1.2782177887071284,0.41090215548459935,-0.2816129786831608
559,-0.2322820674249346,-1.3458362865852738,1.1089029182405548,-0.620308140186335,0.6647822058507191
560,-0.8106233103567118,-1.2197881186823325,0.7254176250885966,-0.6436113393043312,-0.30969413857387346
561,-0.03492210861537907,-1.435474064368877,-1.7184123781499208,0.05872395109696003,-0.4483277303365119
562,-2.043663996217731,1.1454377232979496,-0.17783460861322223,0.5681712377576599,0.2733554832156419
563,-0.28863827939410586,-0.941974465063922,-1.4991146158334827,0.013268641949902281,-0.3773794660505523
564,1.891468164075372,1.9472205247773726,-0.39097058553908853,-0.4983771492179617,0.9072297627278909
565,-2.038957920865179,0.383559860618429,-0.9896508623213105,-1.6033954043944474,0.15324020235123734
566,-0.17070461982256627,-1.3799147108733778,-1.7941366054865961,-0.08484190623365075,-0.602663423825627
567,-0.38184956986823304,-0.5969213041759954,-1.221408079815912,0.805841317673201,-0.4366571766169437
568,0.08456064208193743,1.3021611616989968,1.1685559139398307,-0.4909988588204357,-0.9039719295833737
569,0.575804502983928,1.3132245837841228,1.6750365667032734,0.7182151463603689,-0.33781565966837307
570,0.27216965326029413,1.0184204034470055,-0.9478849509911107,-0.39125010255397347,-0.13989244462676895
571,1.2892180853113524,0.08047807195560791,-0.9680440443166701,-1.2528555240660009,1.0761214976733318
572,-1.6251025986761367,0.5383888860924414,1.6725588489377752,0.6003909581711088,-0.3477080364902167
573,-1.8510214845628574,0.20847129818409746,1.0825631211945712,-1.0267129512437538,-0.6152516583303858
574,-1.8189427609344453,-0.23449615395874718,0.6470921593889786,-2.109141008214487,-0.6876474762615683
575,1.5734096698385192,0.6254645507409078,-0.09426384224373088,1.0453610978408543,1.474032169361383
576,0.19416509431924836,-1.455455138654749,-1.4750492215281148,1.0868079752408646,-0.3655266568680542
577,-1.8823386026574374,0.8597295566498357,-0.3145845240373135,0.24674096018306416,0.37513697023189396
578,-0.2943977448327473,-0.27833211758918414,-0.9761164827395303,-0.9671693823539905,0.6724878099078834
579,-1.3264387671577116,-0.2814718850594573,1.070752439167895,-1.407170619115179,-0.016009611763382975
580,1.1266732571935028,0.054030201829245936,0.9786863099682248,-0.020030857443822103,-0.42399506949479615
581,-0.04885767095622987,-0.9874465771911389,-1.278612224093917,0.8948149010754747,-0.2537547177019213
582,-0.16393191133943194,-1.0220700013070618,1.5677253603584915,1.1470112779399169,0.5734434699926585
583,1.087861895739247,0.060745436290832726,-1.1341032782506408,2.4414560408853703,-1.23526627147223
584,0.12394327036049752,-1.2613735809378073,-1.37533265902515,0.8837439426968284,-0.2191123626349699
585,3.0295266261459464,-0.7236121313570426,0.8806985683485443,-1.6440948270918412,1.0202570830555346
586,1.7260003306458118,0.77266228798146,-0.8172266414859853,1.8345145545610915,-0.5867785529863602
587,-1.3369945750416672,-0.0376966033190783,-0.6366503497793335,0.4078372937886758,0.383134514012689
588,1.6630742414107016,-1.0325696882128046,0.3477351324443213,1.3754993671116706,-1.7299091226896672
589,0.6887710372245631,-0.7702464955295014,1.579113687333868,0.9518028676659525,0.6517967282088936
590,-1.397362892797448,0.24874781947006133,-0.39077738670054996,1.0784030445070163,0.36276652123852643
591,-0.7222636162048919,-0.6423093532395222,-0.6700702314936771,0.0802978252476817,1.0124328866831105
592,0.7738462444031676,0.64627939568565,-0.8048490965085398,0.32277595085841926,0.1843268511903872
593,-1.221432323966064,-0.3427464578964714,1.1011835528521734,-1.482319306009562,0.1444885943066211
594,-1.8331415402453815,-0.038428593174209255,0.8398416014996509,-1.6300335075880974,-0.6556034257018647
595,2.500897031168377,-0.2459005637180303,1.8858571732354146,-0.02236410975176855,1.9100920462615938
596,0.08336820278477425,-1.6831010173845606,0.21496494096678198,0.40260839704169404,-1.3556646611021643
597,-1.156774258004442,-0.22146943384262038,1.4368354898734739,1.2295386742603427,-0.4908930479178197
598,-2.056022193025398,1.3160891187956028,-0.010071205294674533,0.9851722105250734,0.3012456753694582
599,0.03319146725575166,-1.697566829482851,0.9679451077903873,-1.4834272935097585,1.074193801160384
600,2.584668016114792,0.8821583601396051,0.14845764441421314,-2.09678453076953,-1.4110553327315796
601,-2.0624090935215675,0.9396891132556738,-0.4219892054455826,-0.1411622480203575,0.2426633903538129
602,-0.8302725497308993,-0.7153031385288461,1.1325913536761112,-1.0329081204682535,0.34118862575125275
603,0.18795570160828548,-0.38588927056292566,-0.4517923546014399,2.30026652434254,0.40990006316642735
604,1.4085567992578902,0.06384959311413116,1.2604472580411272,0.4859607940059192,-0.03322519710485067
605,-2.0663150329289515,1.2259228964179074,-0.11965548431479225,0.661558731565553,0.2879765581414875
606,1.1068658643318185,0.46121413379881937,-1.782808644208604,-0.6737358570978632,-1.3057993894315076
607,1.4462824645191463,1.2585355942390173,-0.5788645047421395,-0.7800402698032111,0.9524087765080222
608,-1.1020551474577904,-0.04738730253497658,-0.4349985440496018,0.557865189687484,0.778695238551028
609,-2.0716614868670202,1.2997508051083815,-0.04707699068052697,0.8419634077273418,0.3000425277966843
610,0.00081470690043181,-1.2794956024909907,-1.4880058716930906,1.0196055486381532,-0.5230284315713333
611,1.9945246131003318,2.481323976364787,-0.6331405597569784,-0.22080171377707714,0.027810322598083304
612,0.8408796563234383,-1.973217332628533,0.5590911899788638,-0.3049903004185221,0.025577665934298166
613,-0.262451923538578,-0.6501035162984957,-1.1175207481675482,1.5788586249657977,-0.5193457112677982
614,-0.3710073043199955,0.8711802487040534,1.2588024461298684,0.13562802638513216,-0.8926042774042293
615,-0.5690128491113533,0.02697046886988627,1.1307085651093884,-0.3511194779859265,-0.47285079552552506
616,-1.5971728255454192,-0.04042872680680698,1.0735941050694864,-1.0967991078526762,-0.3760532288458471
617,-2.0054881635351856,0.3859791483656284,-0.9453845758259436,-1.3909141414882413,0.15070142796596642
618,-0.3522914568134138,-0.7605840226137024,-1.4298911869251338,-0.5798551670355863,-0.10350376283168009
619,-2.067355479487053,0.7756949821875044,-0.6041519780999662,-0.645180403141667,0.2173283034706448
620,-2.0291146297633142,0.9445289881730528,-0.37534329620810863,0.07723392230098883,0.24052022153100736
621,1.1321967767233887,-0.9764402766443985,0.8272610289469968,-1.0026089746001348,0.34750477578682204
622,3.0286613029834766,1.531090867771251,-1.717625764293215,-1.6093141233318216,-0.8224730155555052
623,2.306839230470717,1.4725723002117326,-0.5075690323489378,0.3891616608895905,0.5534354935856625
624,0.9751297996936729,-0.32731818238165217,1.377728501761937,0.6835755568082363,0.20701233031460622
625,1.664728101631124,-0.747625846577059,0.647951444156423,2.0883126644289858,-1.6455494391961092
626,-0.9297831891008049,-0.5826315874921153,-0.8523723105622673,-0.8326578258621871,0.9775610750378674
627,0.034763374034827446,0.3951345350322553,-0.8336714130977726,0.3709691592438956,0.03637639913580702
628,1.5066151269529269,0.5445292159991919,-0.26822047762508705,0.33966115379878625,1.4875645801601696
629,-0.41465252776129174,1.5029053510061587,-0.21038044441146475,0.7154937727510619,0.2812160700007658
630,0.533357071544559,1.1954691823634591,-0.46324479882431213,1.2434887523258316,0.02373777055178862
631,-0.5713600038699859,-1.8822779810917463,-1.6375254566515784,0.18316746169487455,-0.10624591607218588
632,-1.8422186400190936,0.31921251150831864,1.2123741935225998,-0.6528227592555382,-0.5986198938214584
633,0.1623781842621668,-0.7084258261980675,-0.8245432057470904,1.2942130691138702,0.3341971344155339
634,-0.06699918726547995,-0.9985641245095336,0.7450470306309777,1.183298703755651,-1.1447805435729994
635,-1.4072220363055241,-0.13084890086029322,-0.8438424573180313,-0.6033459663513688,0.477317415639094
636,-0.5420657225844763,-2.042140487965017,0.2209628054311994,-0.6819145772673021,-0.6895158336016044
637,0.7371227261054316,0.9404745751051078,-0.5988640257559266,-0.05948063738802536,0.5661369408902149
638,-1.5735632975042142,0.4601983127780294,1.6486072637262763,0.6249663534892259,-0.3426821821055044
639,3.358434170640911,-1.2202036902873017,2.5622025639263044,1.4411955674428922,3.2500322976991702
640,1.559697357704046,-1.6503575100304668,-0.3180241598457256,0.9365645307313318,-2.471862930362073
641,-1.871831938770809,0.2635403060171709,1.115756206700877,-0.9954319852948375,-0.604784441810428
642,-1.417219580618708,0.2926979638926021,1.6024033022128634,0.1409936276538762,-0.06556796329102384
643,0.41944874723509407,0.9133475589975433,1.1784088524685685,0.602558972478278,-1.0472458607811879
644,0.7432748672876924,0.186740861577705,-0.36138290974272436,1.1932587737413605,0.9080926901074505
645,1.515774121369957,0.9857158001960897,-0.8823661893526898,-1.0071190771153764,0.519788679998457
646,1.019676462252758,0.608669392998367,-0.628425811775216,0.320348381570214,0.6203509024478207
647,-0.8019900651110037,0.2151266017880332,0.058739632059543787,0.6186780964136835,1.6324872851393273
648,-0.07314767179719293,-1.5879535674706458,0.10427566670692918,-0.5655643074830007,-1.2339304642157336
649,0.6523883642040109,1.3374434519404836,1.7579163709000676,0.6538715189585144,-0.1410592451044587
650,-0.5385402503910763,-0.2895016151629511,0.9246213684283564,0.4249167056663703,-1.0215812229633812
651,2.0393789134544975,-0.8182652525201889,0.8812802268631053,-1.6123612110086039,0.9038001836021949
652,0.36047780649219685,1.1135359206711477,-0.7858869936567577,-0.36065919527056245,0.12702322619425593
653,2.1893395826161224,1.0707514357734933,1.0566080449675317,-1.4100984814986945,0.0644050944752583
654,1.3183672946244858,1.381744290880349,1.4354008204637363,0.6192315772738478,-0.7085914882231589
655,1.1034936818924677,1.3596840954241685,1.2185529439917808,0.4047931318449261,-1.0792187150233574
656,0.5198632984575772,-1.0539511772196855,-0.8587093970923497,0.7872530195050185,0.8114206411792336
657,-0.6503467234420882,-1.5083860041464157,-1.334093708383385,0.7858795117309493,-0.04318443403319045
658,0.4176645674941523,-0.7423359467553188,2.2640024009768083,0.36989536537318396,2.269364651128611
659,0.8955392647609988,-1.007656910599464,0.6042846547427927,-0.892830731099919,-0.18263409704914374
660,-1.9769572682094245,1.2283311844945826,-0.01923697209383939,1.0062678349313885,0.35020225188199966
661,-1.6202049299671213,0.36925603279348845,1.4881062369193008,3.0761207480163556e-05,-0.3278343365720408
662,-0.7491530123816362,-1.4553982990221532,-1.4716186619601854,-0.789637912815747,0.3442634583089212
663,2.1371804747546777,1.8955787563872235,-1.2904333828186132,-0.9540099393247446,-0.7827036270257163
664,2.1916663056499885,1.839539654318857,-1.2422852399354698,-0.14545555031459018,-1.0062555376295017
665,1.0852272405979642,-0.03916112146884106,0.7396258555727958,-1.9180616893910987,0.018867001067326156
666,0.7756976580063849,1.83990772088466,-0.6995539801722798,1.5247649629307813,-1.1428014250215293
667,-1.866710259233584,0.42511384991516105,1.295539356613154,-0.49732873758866886,-0.5798449604897256
668,-0.14406176636459928,-0.6555540842399145,-1.1147179145718167,0.10928378913719734,0.189638529352225
669,0.8659441855585589,0.971628824803021,-0.496283575920534,-0.6126222814439407,1.033381253435703
670,-1.7959872250515552,0.8464547153459109,-0.21020787580022776,0.913292911968381,0.3078198091153348
671,-0.7030120904892212,-0.7521194645784092,1.3011677602589473,0.4224763573268384,0.06659104763045133
672,1.513392122411919,1.1960122070489385,1.46198385439556,-0.6475197753414736,0.2212003551972317
673,-2.0838443901029473,1.4679816134358552,0.11830678989591405,1.2530494730796145,0.3275371143880352
674,1.4127214379418433,-1.0106552637379878,1.090520518486219,-0.15354452481851572,0.5734213029713338
675,0.6944041410244236,-1.5036062987685785,-2.08435501526112,0.0627121226272381,-1.0306038695545385
676,0.026319001884925478,2.055447070173684,-0.1516810088060628,0.9264711463891078,0.09995798861098348
677,-0.7169146927845595,-0.4273540710048288,1.542443273061803,-0.13894210696056183,0.5858107886222107
678,0.7818637295960101,0.9669828625127362,-1.5521118279661068,-1.416541253683051,-0.7898794895197453
679,0.29350654139265003,0.895812907644325,-1.0398533329175588,-0.4091849014195727,-0.22877614088458292
680,1.5585380181902977,1.0297142571212226,0.29616282382548487,-0.9933633361455886,-2.0215404680579483
681,-1.8741220700757664,0.7597593764809836,1.6454655325860854,0.42369039030005406,-0.5266196814527413
682,-0.7611372626459322,0.504171776384293,-0.5418932658081941,1.185695971843064,-0.07482802794890422
683,2.437528682727416,-0.5016811033254901,0.5688368306589652,-0.03647849939725782,-0.752167997323788
684,-1.7958153243371084,-0.08926222317095846,0.8317561876686625,-1.5476802078149852,-0.6668455224613757
685,-1.159418629902669,-0.4385667846668411,-0.902591558032913,-0.5523721107850598,0.5994640035367819
686,0.5695408026724189,-1.031040115337095,1.2848771761831765,1.574247497944696,-0.07483688513881662
687,0.28079490271487617,0.35949849970350994,-0.6203318745985094,0.9184769044058642,0.29337151079823653
688,0.8822449379375414,0.5873430409860078,-0.8960145491778098,-1.741824897875745,1.011008319644199
689,-2.0433628899033547,1.3735774143758757,0.06738816670699849,1.2289344393801955,0.3091741175041451
690,1.0897159437966415,0.8143943997785209,0.714606203417049,-1.3698662092873208,-0.7862933152357755
691,0.6466753872462143,-0.9428505626842105,-0.7607908103205654,-0.9298708089730914,1.7479781715692062
692,0.24500005472656283,-0.9758373424952415,1.0270477743502606,1.1081914110825095,-0.48933144620669183
693,1.6359955080953148,-0.4284693095984334,1.7584677379882967,0.8697119439199488,0.9761336717058222
694,-0.31938993388798687,-2.2754750287392596,0.26376108585338787,0.2626568314575664,-0.8285964593322345
695,0.49240532471233434,-2.0268034455795405,0.2638522149604909,0.4832875430553694,-0.9704494073090835
696,0.89126268193639,0.28369009081907787,-1.1137829297160182,-1.04049572813805,0.45955993556340957
697,-0.07873353345647707,0.5892577831981886,-0.6804852248486177,1.5888674979014357,-0.37039658140466236
698,-0.36515791776975753,-0.6138898452992398,-1.2934794846196578,-0.31386859862814787,-0.05334306307430681
699,0.7001488315835479,-1.1752268180542598,1.2168020399390165,0.766172730659595,0.28527264455507884
700,0.3447308048000672,-2.212462605948493,-2.098260817252264,-0.14714337932919813,-0.5068491742783856
701,-0.036804775815789996,-1.2116214691117506,-1.5085406092164102,0.25311452907749793,-0.2674926379078021
702,1.4917329678163591,0.313084624043287,-1.50445970203076,0.6038962493536844,-1.1455013173729836
703,0.33594979480303083,1.535106866122625,-0.3775951017945456,0.49231632469512193,0.266075483338694
704,-0.4697731796522527,-0.7759032488094125,1.5442872871677151,1.4441427784182632,0.15534284778604984
705,1.096826560339993,0.3688944257577076,1.206762382123969,-0.43638052924303034,0.005379537941541627
706,-1.5938933358962797,-0.3643045459248639,0.7427881033080374,-1.812368837082428,-0.4931807089753844
707,0.73727930904687,-1.727104146256014,0.6485979607043451,-0.9477259618782917,0.3102269914022393
708,0.43836491850840703,-0.8459455145925293,-1.6892731566479402,0.5163012191295893,-0.9465978682151941
709,-1.7960400987379528,0.14613922941750604,1.0841178312152042,-0.8691722839470274,-0.629840071485476
710,-0.5365691158733576,0.4263795068489606,1.5671299346613627,0.4887609652112917,-0.24354736497834517
711,1.6312195876730184,2.0152999749489178,0.329234391894336,0.4296808183817624,1.752466627162321
712,0.9507170040597771,0.01086964486457598,-0.47931976568962986,0.6749250879553693,0.9470371583768656
713,1.8838188803142597,0.4540786393623168,-1.084792783123089,-1.6985947608932237,0.871679947383972
714,-1.6236789404786953,-0.2933483112089437,0.8076554157291994,-1.3848311191693004,-0.6133402934188057
715,2.023988308393799,1.7688929926431687,-1.4964077340265667,-0.9002757182510431,-1.1608239016847601
716,0.3622657877271247,-0.31770389066668214,0.6306669201546607,1.4227773572957996,3.034102416765012
717,0.8652094265827531,2.029498502712064,-0.3291492443099955,0.16950258501342907,0.36781036082023283
718,-1.8042675817373925,-0.20484461083553845,0.6971858698564205,-1.9334002146334826,-0.6842684980952344
719,0.2929449377769769,-0.2610275611408136,-1.277248639499924,-0.894573236079639,0.2263344957827072
720,0.6094632537157463,1.2023560271043983,-0.4856292468699692,-0.22663331861254454,0.6645616801441078
721,-2.086550125592579,1.0407492773221572,-0.3435832878392427,0.002501958816230687,0.2606471125606147
722,-1.7888530622966146,0.046895155440147204,0.9865532987888149,-1.1116834879677928,-0.6460598995465608
723,1.0398016627063091,0.15092429728719545,-0.13159605684954342,1.3237153419948673,1.4005957201647927
724,1.8628257452322712,0.5495730866127757,1.0603672414096956,0.7096622799078871,-0.9458500269469939
725,1.0324924985772068,-0.7111810382851506,1.0212381353517528,-0.3233104123117084,0.22439081877129102
726,0.10336265732544761,-1.4411178063786403,0.42312480909094563,0.022834293356871586,-0.9226236896407721
727,-0.8452350109793669,-1.796586743116522,0.16462569587221018,-0.9291888838126154,-0.9233263892593792
728,0.15401647863874418,-0.196326413148315,-1.3231149616770181,-0.6544047591544321,-0.050675374250815634
729,-1.2096373193572414,0.2389390141673027,-0.29536845227473657,0.19421923770062174,1.0081247170042245
730,-0.9397538147728672,-0.3414719162432983,-0.5392072971329788,0.8519061270181978,0.6698094853701393
731,0.06125356381854839,-1.0538022917293235,-1.144909780074694,2.4453321742620377,-0.6258614796282782
732,-0.4904081828226899,-0.9974822118995373,-0.8680556832912378,-1.1795862166001587,1.4838173483090364
733,0.5528710666703945,-1.2727295916817505,-2.033465036693243,-0.46458506619875023,-0.8746079482763612
734,-2.002081253758594,0.8035291357986082,-0.49301298905921503,-0.16402625688541977,0.216009007543525
735,0.48979353470996034,-0.7403072790541506,0.5252877885426261,1.2387596435092236,-1.7162409308679891
736,-0.7920993306292748,0.07516649017081962,0.013368209209886787,1.729442814161055,1.1293706118694284
737,1.7256401218883055,0.7180721913333908,-0.9556675086685447,0.4265884993840219,-0.1831649680962357
738,0.23202792612439355,0.007226143928248948,1.041172112151665,0.6955250777219697,-0.8671800028961983
739,-0.6726701033282054,-1.4538768181876378,-1.3779597056996857,-0.3658818565329495,0.35441710693743433
740,-0.9361506972392184,0.16761098154320725,-1.0756266937181806,-0.14781881421975637,-0.34793164981023106
741,-2.049574496827785,0.9947568216657672,-0.34690945618601715,0.09668507341962396,0.2501962269260341
742,1.1414824360123228,1.3696594337801988,-0.8223274431091835,1.2573472261542598,-0.867139019951606
743,0.6699969363514461,-0.7458520331585788,0.6811901997209668,-0.3154787451330831,-0.5200922504331158
744,1.80897784387119,-0.6843423162878379,0.7966281253220058,-1.7212080781973922,0.6414590638265123
745,-0.6397912903173701,0.581799616417002,-0.35688821191710085,1.3787343985620326,0.18311882728525
746,-1.6146130303813433,1.0009221923518903,0.06902916132821132,0.707072401461998,0.8994603363677816
